seller_id,seller_zip_code_prefix,seller_city,seller_state
d1b65fc7debc3361ea86b5f14c68d2e2,13844,mogi guacu,SP
c240c4061717ac1806ae6ee72be3533b,20920,rio de janeiro,RJ
e49c26c3edfa46d227d5121a6b6e4d37,55325,brejao,PE
ccc4bbb5f32a6ab2b7066a4130f114e3,80310,curitiba,PR
8bd0f31cf0a614c658f6763bd02dea69,01222,sao paulo,SP
e38db885400cd35c71dfd162f2c1dbcf,70740,brasilia,DF
f7496d659ca9fdaf323c0aae84176632,04156,sao paulo,SP
2ff97219cb8622eaf3cd89b7d9c09824,13320,salto,SP
2a1348e9addc1af5aaa619b1a3679d6b,30494,belo horizonte,MG
116ccb1a1604bc88e4d234a8c23f33de,09850,sao bernardo do campo,SP
406822777a0b9eb5c50e442dd4cd3ec5,18500,tatui,SP
d9a84e1403de8da0c3aa531d6d108ba6,03562,sao paulo,SP
9c690ceacd5c66731bf443ea810195cb,37650,camanducaia,MG
1f9ab4708f3056ede07124aad39a2554,17602,tupa,SP
d3674f271c91f824f82d24d92011f669,72233,brasilia,DF
8444e55c1f13cd5c179851e5ca5ebd00,37584,congonhal,MG
0c7533c71df861ec58ad7ff999ed0e8d,13270,valinhos,SP
ef990a83bbea832f36ebe81376335aa8,89214,joinville,SC
41e0fa5761c886a630994a55c12087e7,11446,guaruja,SP
7d294cf9a6a69dc6a0c3e540fff0e039,88390,barra velha,SC
02ecc2a19303f05e59ce133fd923fff7,09121,santo andre,SP
c013e57c075a06e5b5c48ee03c525719,13568,sao carlos,SP
55f7a3319d80f7fdf078b8f03e6725fe,06056,osasco,SP
2d50d6282f8aa2257819a77bfaa0efe0,14940,ibitinga,SP
b90e891671cffd9557f33a97dc523645,83010,sao jose dos pinhais,PR
a416b6a846a11724393025641d4edd5e,03702,sao paulo,SP
7e93a43ef30c4f03f38b393420bc753a,06429,barueri,SP
ef506c96320abeedfb894c34db06f478,03569,sao paulo,SP
7299e27ed73d2ad986de7f7c77d919fa,38440,araguari,MG
b2479f944e1b90cf8a5de1bbfde284d6,14940,ibitinga,SP
7722b1df1b0e383e000397b2c11e3e19,09715,sao bernardo do campo,SP
4e7c18b98d84e05cbae3ff0ff03846c2,14882,jaboticabal,SP
d650b663c3b5f6fb392b6326366efa9a,06713,cotia,SP
669ae81880e08f269a64487cfb287169,89160,rio do sul,SC
abe42c5d03695b4257b5c6cbf4e6784e,21235,rio de janeiro,RJ
63ffcb71394dd8ea3872ed9ffda17c74,24813,itaborai,RJ
83353a83fd769dfafa4f21a72b15e3e5,05786,sao paulo,SP
cda598c48d7c614bc1cad7d8ff6f0010,15137,mirassol,SP
709e16e2b25c7474d980076c6bfc4806,16200,birigui,SP
8bb48dc19fccaa8613b6229bf7f452a2,19803,assis,SP
3f9be91358837bff69df67edfa3e42e8,86039,londrina,PR
0c8380b62e38e8a1e6adbeba7eb9688c,37410,tres coracoes,MG
37be5a7c751166fbc5f8ccba4119e043,04248,sao paulo,SP
44073f8b7e41514de3b7815dd0237f4f,71070,brasilia,DF
7b07b3c7487f0ea825fc6df75abd658b,02016,sao paulo,SP
99002261c568a84cce14d43fcffb43ea,78095,cuiaba,MT
0ad80de75c811326389cfb1daba7d45e,20261,rio de janeiro,RJ
82e0a475a88cc9595229d8029273f045,03417,sao paulo,SP
f0837c8d71434931d9e38e7b79234797,95995,arvorezinha,RS
d73cbd89533ce8b041a9190241453ac8,36525,guiricema,MG
b18dc380845b24038cfc48006478f099,09951,diadema,SP
4c498c7345e89aebad651544829beca0,06341,carapicuiba,SP
01bcc9d254a0143f0ce9791b960b2a47,76400,uruacu,GO
229c3efbfb0ea2058de4ccdfbc3d784a,30190,belo horizonte,MG
9523fb39dd240aa958e040f8183d64f3,01541,sao paulo,SP
6ec1a01e866584bb679eb9b098345919,11040,santos,SP
f6122bc84774df1b372bdb3bb88ddb9f,06436,barueri,SP
fa40cc5b934574b62717c68f3d678b6d,02310,sao paulo,SP
623ad9d0c1e14bb5464a8c72bff7b4af,35530,claudio,MG
8b2492b7ff4468839593fafeed55bad9,24451,sao goncalo,RJ
8e34331b7eedd03be4e5d965c1956225,04009,sao paulo,SP
aaed1309374718fdd995ee4c58c9dfcd,89120,timbo,SC
d1c7fa84e48cfa21a0e595167c1c500e,99730,jacutinga,RS
817245bcc3badd82bbd222e0366951a6,17056,bauru,SP
7178f9f4dd81dcef02f62acdf8151e01,89560,videira,SC
3db66a856d18a9cba7c9241fc5221c50,35430,ponte nova,MG
b4a476fbd28de64b1e347abf9089366a,06653,itapevi,SP
657969cca82e884d272385ec0ef06edd,93608,estancia velha,RS
800214c63934acd05d47e84214db8ba8,89251,jaragua do sul,SC
c0aff2da32c17759d30b22fb0af6649d,88032,florianopolis,SC
eec3469d83e142f9a104886655338c37,17030,bauru,SP
55bb6fe5bebe5012e2d7d9928e1128ff,17052,bauru,SP
d6b1ce66b035a475f00c017792ff9769,13327,salto,SP
ececbfcff9804a2d6b40f589df8eef2b,14407,franca,SP
7d13fca15225358621be4086e1eb0964,14050,ribeirao preto,SP
1b4c3a6f53068f0b6944d2d005c9fc89,88730,sao ludgero,SC
b92e3c8f9738272ff7c59e111e108d7c,36502,uba,MG
1dc2de47ee26a0a5b12dc14fd6dc0dea,14940,ibitinga,SP
4917cee8d902e13428c3ec4b1ca6f315,89031,blumenau,SC
ac9b01377919cdbd2a1bbb8d5837c70b,08773,mogi das cruzes,SP
5011f0d93373a4c5753adf58ca77af8d,11013,santos,SP
50c9975695009e5e6473912e83a6d1da,35530,claudio,MG
7aa4334be125fcdd2ba64b3180029f14,18500,laranjal paulista,SP
b14db04aa7881970e83ffa9426897925,18048,sorocaba,SP
a3e9a2c700480d9bb01fba070ba80a0e,14940,ibitinga,SP
80f2cf9abf6b5a0e5c612b5eea6646e6,15046,sao jose do rio preto,SP
516e7738bd8f735ac19a010ee5450d8d,22230,rio de janeiro,RJ
9f505651f4a6abe901a56cdc21508025,04102,sao paulo,SP
7142540dd4c91e2237acb7e911c4eba2,16301,penapolis,SP
a3a38f4affed601eb87a97788c949667,89204,joinville,SC
744dac408745240a2c2528fb1b6028f3,83408,colombo,PR
9b013e03b2ab786505a1d3b5c0756754,11450,vicente de carvalho,SP
8b9d6eec4a7eb7d0f9d579ce0b38324d,26562,mesquita,RJ
38e679b9e0064cd94c6f035707344dae,86010,londrina,PR
83deb69e889cf80f82be1dc6d5f2d486,88056,florianopolis,SC
79ebd9a61bac3eaf882805ed4ecfa12a,85802,cascavel,PR
5f3ae9136c875522250f8184f253413a,01550,sao paulo,SP
8e6d7754bc7e0f22c96d255ebda59eba,12233,sao jose dos campos,SP
e250d617a0ad591ba9bd663e584a895d,07084,guarulhos,SP
cbd996ad3c1b7dc71fd0e5f5df9087e2,15081,sao jose do rio preto,SP
e067ad2c1c0b48758eb1b5228bcf7a68,11045,santos,SP
f1fd5ab1181f827ffad998c1a5de7d74,80010,curitiba,PR
4e85b538b0dad58852641540686d0e14,12238,sao jose dos campos,SP
093805f8f2aeb63881444571e1f48f30,06236,osasco,SP
ce33c6211beaa8fef4cae8b52db39862,08655,suzano,SP
081acf3de680d554796c9cf041be7bc2,33200,vespasiano,MG
6d803cb79cc31c41c4c789a75933b3c7,14600,sao joaquim da barra,SP
5f2684dab12e59f83bef73ae57724e45,05125,sao paulo,SP
8b321bb669392f5163d04c59e235e066,01212,sao paulo,SP
76d64c4aca3a7baf218bf93ef7fa768d,80215,curitiba,PR
004c9cd9d87a3c30c522c48c4fc07416,14940,ibitinga,SP
3bdff180c7e1f6551a643b99c265a120,04811,sao paulo,SP
6b89abe95848c850399130d149a39b63,75640,piracanjuba,GO
aced59e9b31ef866a94f9e7f29d8d418,03306,sao paulo,SP
b4f8921fcc4ff77b66bea6dda43dcd51,95034,caxias do sul,RS
5bffbafbb22daf6d3bfc216a46db8708,26525,nilopolis,RJ
822b63912576852aea9a8436d72317b7,13840,mogi guacu,SP
87d30a6a0cbf89356e49324971ab1d24,02036,sao paulo,SP
aba1721a889e04decc910aa13b768ef4,05729,sao paulo,SP
cab85505710c7cb9b720bceb52b01cee,02252,sao paulo,SP
33cbda8716511e27e556dff9d8418bf2,89052,blumenau,SC
6cd68b3ed6d59aaa9fece558ad360c0a,31255,belo horizonte,MG
3df020b72d3d44b3af9d110fa3940b65,15704,jales,SP
537eb890efff034a88679788b647c564,20270,rio de janeiro,RJ
955fee9216a65b617aa5c0531780ce60,04782,sao paulo,SP
751bdc4d83a466c7206cd42e8f426b03,09405,ribeirao pires,SP
71592660bbcb6a4664e97b6f8b68babc,15055,sao jose do rio preto,SP
5a93f3ab0ef4c84ed5e1b5dbf23978bc,12250,monteiro lobato,SP
1fe5540d7c1c37a595fefbacd5570d9e,25850,paraiba do sul,RJ
0176f73cc1195f367f7b32db1e5b3aa8,14940,ibitinga,SP
ceaec5548eefc6e23e6607c5435102e7,03821,sao paulo,SP
e9bc59e7b60fc3063eb2290deda4cced,87083,maringa,PR
6f229cc508fc6915ed5c499efd93baa4,21931,rio de janeiro,RJ
b0b346d3a89f5eb4c2968af3f083cd43,13105,campinas,SP
a0415d9b25ede3c4b1e477e9916ffc03,26255,nova iguacu,RJ
fa1a9dec3a9940c072684a46728bf1fc,88820,icara,SC
6ddc28b61be28373b4503a1f61cf98a9,03543,sao paulo,SP
5670f4db5b62c43d542e1b2d56b0cf7c,03694,sao paulo,SP
cb8bcce248bb1fb274ba762d8b971456,37540,santa rita do sapucai,MG
b6d44737c043328708f6749c2dbe50bd,09230,santo andre,SP
972d0f9cf61b499a4812cf0bfa3ad3c4,88359,brusque,SC
cfb1a033743668a192316f3c6d1d2671,18110,votorantim,SP
adcf50477d6a1f5d91bb9d54c4903cb5,35530,claudio,MG
8476243f92442881ddd5b578975cf115,93700,campo bom,RS
714b9a1332840f257b49f476bea4e341,15910,monte alto,SP
6a51fc556dab5f766ced6fbc860bc613,17500,marilia,SP
d1ef48b38baca7e831711c4a0aeb398f,86800,apucarana,PR
259f7b5e6e482c230e5bfaa670b6bb8f,08550,poa,SP
dd7ddc04e1b6c2c614352b383efe2d36,03471,sao paulo,SP
f457c46070d02cadd8a68551231220dd,87047,maringa,PR
1f50f920176fa81dab994f9023523100,15025,sao jose do rio preto,SP
26b482dccfa29bd2e40703ba45523702,13450,santa barbara d´oeste,SP
f7ba60f8c3f99e7ee4042fdef03b70c4,09628,sao bernardo do campo,SP
0ee4fb99ac55ffbbc98795aa01b7f8fa,06539,santana de parnaiba,SP
45c20d94d9171b0bcfab3c955e47d67b,13490,cordeiropolis,SP
6a38087bc8ad4f89ff453561005f6dea,75123,anapolis,GO
4e5725ba188db8252977a4f0227bd462,14092,ribeirao preto,SP
f84a00e60c73a49e7e851c9bdca3a5bb,20756,rio de janeiro,RJ
e5a38146df062edaf55c38afa99e42dc,01233,sao paulo,SP
62c50c1af4dfdc4149d25c5222043d39,04782,sao paulo,SP
f45122a9ab94eb4f3f8953578bc0c560,13419,piracicaba,SP
e8dba4d70f7f2b20e775d09cae01142d,13456,santa barbara d oeste,SP
48436dade18ac8b2bce089ec2a041202,27277,volta redonda,SP
f5f2ab9bdb6b30c14c61be68c5ed37da,13660,porto ferreira,SP
c76d418370990614e89e956c7a7567d9,06787,taboao da serra,SP
1554a68530182680ad5c8b042c3ab563,37580,monte siao,MG
04aa0a1c5ce6b222003403a3e11c3cc0,13150,cosmopolis,SP
ede0c03645598cdfc63ca8237acbe73d,14092,ribeirao preto,SP
97e50a621f8e801f4baf69e08687c192,04209,sao paulo,SP
52092ddbd3a58c450a4459bf051b2287,17300,dois corregos,SP
87142160b41353c4e5fca2360caf6f92,90230,porto alegre,RS
289cdb325fb7e7f891c38608bf9e0962,31570,belo horizonte,SP
fa1c13f2614d7b5c4749cbc52fecda94,13170,sumare,SP
bf100ecb7997df312b285358fb32f92c,83070,sao jose dos pinhais,PR
3504c0cb71d7fa48d967e0e4c94d59d9,09350,maua,SP
2f73e04d12cdf0c945ded66bb3fcf6c7,29313,cachoeiro de itapemirim,ES
34d1ca11b242c0fee2c834ae8d788566,36415,congonhas,MG
96493fab2fbb13a14d0c0e8772eef5c3,05537,sao paulo,SP
99eaacc9e6046db1c82b163c5f84869f,14400,franca,SP
d98eec89afa3380e14463da2aabaea72,90010,porto alegre,RS
08084d990eb3f53af056ccbc1730c8a7,03612,sao paulo,SP
23613d49c3ac2bd302259e55c06c050c,13660,porto ferreira,SP
87d3c3aeb3ead335511b3ce315eb341e,03059,sao paulo,SP
93b9a99027bd8bd6af682aff18dd19bf,07600,mairipora,SP
0bf0150d5b9d60d9cd2906003332f085,01547,sao paulo,SP
5075aaa8404020ae6aa8bf4792099b41,37706,pocos de caldas,MG
e0487761face83d64fcada2408959a36,01021,sao paulo,SP
c3cfdc648177fdbbbb35635a37472c53,80610,curitiba,PR
c8cc60ffd415254af5d9b9f34f32c369,18053,sorocaba,SP
2138ccb85b11a4ec1e37afbd1c8eda1f,08250,sao paulo,SP
f46490624488d3ff7ce78613913a7711,07194,guarulhos,SP
ad420dd0c4f92f8af951ac24b86d0cf5,38230,fronteira,MG
e8b4225284fbb02d16f200513f1f395d,14960,novo horizonte,SP
f61c63d13f7cd800549d5acdd390ae72,18185,pilar do sul,SP
054694fa03fe82cec4b7551487331d74,15840,itajobi,SP
7994b065a7ffb14e71c6312cf87b9de2,29142,cariacica / es,ES
c8b0e2b0a7095e5d8219575d5e7e1181,08598,itaquaquecetuba,SP
38102b031c2a15e54623d711bfc753d3,62170,mucambo,CE
391fc6631aebcf3004804e51b40bcf1e,14940,ibitinga,SP
49383af7ab774e4e8f3000f49c83dc4b,12080,taubate,SP
8a2d12a90e92f012ce5226fc6592b653,81210,curitiba,PR
e59aa562b9f8076dd550fcddf0e73491,82810,curitiba,PR
e9779976487b77c6d4ac45f75ec7afe9,11701,praia grande,SP
6b90f847357d8981edd79a1eb1bf0acb,07152,guarulhos,SP
db4350fd57ae30082dec7acbaacc17f9,03126,sao paulo,SP
845e8036c3f7bf62099352f5ed910240,21041,rio de janeiro,RJ
3364a91ec4d56c98e44174de954b94f6,76804,porto velho,RO
55a5b51f93f2b70ea513f5a047b0262a,36301,sao joao del rei,MG
8a432f4e5b471f8da497d7dc517666e2,19042,presidente prudente,SP
20a8b0dc55da94fe74d112082427c84f,13312,itu,SP
6b15924333bd1a741595fe981ea04822,09541,sao caetano do sul,SP
134285d1f41da5c13a756ee8142c8a4e,02523,sao paulo,SP
385799a1cddbd26dfeb9157356a42282,04676,sao paulo,SP
42b729f859728f5079499127a9c2ef37,03910,sao paulo,SP
94231344608e603693b0a8891143f65d,91520,porto alegre,SP
11938fcc75f6902fea1d0a6f72b54a57,89900,sao miguel d'oeste,SC
9c0e69c7bf2619675bbadf47b43f655a,12230,sao jose dos campos,SP
3586b8580d9c917874e053a1bb37b5ff,14802,araraquara,SP
6edacfd9f9074789dad6d62ba7950b9c,07135,guarulhos,SP
334cab711dee080b079fa5779b584783,09190,santo andre,SP
8d956fec2e4337affcb520f56fd8cbfd,09780,sao bernardo do campo,SP
e5a3438891c0bfdb9394643f95273d8e,13483,limeira,SP
138dbe45fc62f1e244378131a6801526,02215,sao paulo,SP
5058e8c1e82653974541e83690655b4a,08583,itaquaquecetuba,SP
9674754b5a0cb32b638cec001178f799,04438,sao paulo,SP
dfa0c4c6229ab200a4a1336b4d7128ff,88085,florianopolis,SC
51e0557bc7b86de13e946c60ee91ce39,31510,belo horizonte,MG
0bebbb2cea103a4a020c95d43fd7d754,02515,sao paulo,SP
f650a9708fa1bab22bdd8d3a818cc415,88901,ararangua,SC
ca3bd7cd9f149df75950150d010fe4a2,04361,sao paulo,SP
323ce52b5b81df2cd804b017b7f09aa7,03306,sao paulo,SP
1caf283236cd69af44cbc09a0a1e7d32,26020,nova iguacu,RJ
59417c56835dd8e2e72f91f809cd4092,13480,limeira,SP
a13580f0e8f782b7a543885a0ef99f08,22790,rio de janeiro,RJ
fe1bbc5feda5c8979a8a1b3b2512d5a6,38680,arinos,MG
23a0ffca143a15b9b5bbdb7d552f626a,13520,sao pedro,SP
32b8764b4ef628b53608fc34011fcc13,88504,lages,SC
d379f449f2a3b271bc01c0782020f705,35500,divinopolis,MG
a2fa0bdc798ee84cdb08281337cf4fb6,88063,florianopolis,SC
1a3df491d1c4f1589fc2b934ada68bf2,89224,joinville,SC
6560211a19b47992c3666cc44a7e94c0,05849,sao paulo,SP
718539d38d07dd351c76db862760e2e2,13088,campinas,SP
0b90b6df587eb83608a64ea8b390cf07,87025,maringa,PR
8a87611c08849ffeeccab52aa798b6c7,82940,curitiba,PR
febab0275244b9a49a623f0bd613ca2f,13920,pedreira,SP
f3da5b2ff499efb8d4a6d371d175d7dd,02407,sao paulo,SP
436bf27f2f18474fc6047702e9f8a866,13041,campinas,SP
a420f60ff1aa9acc80d0e42959f2b313,05138,sao paulo,SP
916748bc99315c2d202898ae58b1617e,18040,sorocaba,SP
6c17baf138731a4aaacc3210adf2037b,14400,franca,SP
8602a61d680a10a82cceeeda0d99ea3d,01001,sao paulo,SP
fde0cc9ea29c8ccfc0a2c22256a58c71,81650,curitiba,PR
e63e8bfa530fb16910dd6956e592bb81,07160,guarulhos,SP
13fa2a6c6b9d0f43cb588d7c82117a12,03567,sao paulo,SP
5343d0649eca2a983820bfe93fc4d17e,09270,santo andre,SP
33a17d60c64393351ebf1ef860f4e0f2,91510,porto alegre,RS
d57e18d5f73c7ccb7f7339b61166898d,03613,sao paulo,SP
dd2bdf855a9172734fbc3744021ae9b9,31255,belo horizonte,MG
55c26bcb609f480eb7868594245febb5,14910,tabatinga,SP
933446e9a59dece7ae9175103820ca8f,81730,curitiba,PR
4aba391bc3b88717ce08eb11e44937b2,45816,arraial d'ajuda (porto seguro),BA
715bbd5ba4e6b74cb0d2f29eb45058b0,13930,serra negra,SP
1430239a858e7682bbc43b20758af153,04087,sao paulo,SP
bb7a14e229b1c95156719c3d9552eeee,23095,rio de janeiro,RJ
4c18691b6037662be2df78a765d98ab5,03167,sao paulo,SP
8f2b51a30523cdecddc2f179f351c7d6,04833,sao paulo,SP
6b536a23086fba0d58c08d68814397f6,24346,niteroi,RJ
6b243f80ed07b10f0e8aa0f21a205f3c,81825,curitiba,PR
4d600e08ecbe08258c79e536c5a42fee,85988,entre rios do oeste,PR
2089a6d640999f9b9141ac719b2af596,13566,sao carlos,SP
698f5fa55a5f73d0740e9d9a773e8093,20751,rio de janeiro,RJ
2a5b78b41cd05baeac8df54c6606b92c,35570,formiga,MG
b32be1695eb7ec5f10f72d9610a12527,95012,caxias do sul,RS
53243585a1d6dc2643021fd1853d8905,42738,lauro de freitas,BA
6df688df543f90e9b38f4319e75a9d88,31230,belo horizonte,MG
b1fecf4da1fa2689bccffa0121953643,79107,campo grande,MS
7b1222c3624aa89b9558b50a2594188c,15041,sao jose do rio preto,SP
b8114f2f589a6804810f04f99b36b498,09633,sao bernardo do campo,SP
dee656f0f566ed1aa85bd137c943f08f,12701,cruzeiro,SP
966cb4760537b1404caedd472cc610a5,09920,diadema,SP
6bcb2352a2a0c38b845f598298ab9d26,87050,maringa,PR
f3b80352b986ab4d1057a4b724be19d0,71200,brasilia,DF
0b64bcdb0784abc139af04077d49a20e,92420,canoas,RS
ed4311e67debd72b8610a5347a743087,07170,guarulhos,SP
f52c2422904463fdd7741f99045fecb6,09230,santo andre/sao paulo,SP
bf00385a5f7fc1ef39a13c2e9ee50a5f,01224,sao paulo,SP
ec4608a1f76453166bb312b2968aeaf4,13660,porto ferreira,SP
2bd05d410a8fd26dc4184a15f4f2f588,31130,belo horizonte,MG
293dee954235e4e4e43f129313625ebe,72125,brasilia,DF
cd68562d3f44870c08922d380acae552,14050,ribeirao preto,SP
a67780aba9dd436e7ac0aa1f889e73ec,19027,presidente prudente,SP
00ee68308b45bc5e2660cd833c3f81cc,03333,sao paulo,SP
701938c450705b8ae65fc923b70f35c7,15014,s jose do rio preto,SP
59b22a78efb79a4797979612b885db36,38414,uberlandia,MG
ea8482cd71df3c1969d7b9473ff13abc,04160,sao paulo,SP
72bc2cce903c872fe376a8faaa81d237,04693,sao paulo,SP
3d4824f20035949c710eaf111f869d39,18015,sorocaba,SP
042573af89b6d931f672efaf789d8358,18015,sorocaba,SP
fe2032dab1a61af8794248c8196565c9,13030,campinas,SP
3092c0b297aacfb4bb6e056ebe13b9b8,07402,aruja,SP
e0a366315b1b726b6c7832d664c0f530,02258,sao paulo,SP
4049512728d969bec69f84088b012416,30310,belo horizonte,MG
4e17c65a516f69d023a2ae78b84f28d6,08673,suzano,SP
d558ebe531605a1285ab2b1bc3256dfb,35501,divinopolis,MG
18a349e75d307f4b4cc646a691ed4216,01319,sao paulo,SP
ed859002ad59dbf8cf3602696a6c3000,86035,londrina,PR
12b9676b00f60f3b700e83af21824c0e,95780,montenegro,RS
8fdca8e349553f99bc738833a62c8802,02189,sao paulo,SP
4091f77d8c768fc3e81c20761471761d,03059,sao paulo,SP
26bad72add1f86e08a776ce4ffdaf1ca,14470,pedregulho,SP
612170e34b97004b3ba37eae81836b4c,93542,novo hamburgo,RS
2a84855fd20af891be03bc5924d2b453,30111,belo horizonte,MG
4b9750c8ad28220fe6702d4ecb7c898f,13484,limeira,SP
8cbac7e12637ed9cffa18c7875207478,89254,jaragua do sul,SC
fdb9095204a334cd8872252ffec6f2db,03331,sao paulo,SP
aae3bfea055532c57fb453ed3ec80b30,09271,santo andre,SP
cb5df0dcb9e280b1780e9d589889f2c7,15115,bady bassitt,SP
2dee2ce60de9709b1a24083217181a1f,78552,sinop,MT
f84fa566034f5e8e880a07ec624c56af,13330,indaiatuba,SP
4c1c7281388a33dd06daac44f9fadbd1,17510,marilia,SP
9cea4682e16655f7da87f406902e989e,83707,araucaria,PR
9f50216bfd01913736a55a11b55ea842,12020,taubate,SP
aafe36600ce604f205b86b5084d3d767,88115,sao jose,SC
c4af86330efa7a2620772227d2d670c9,08840,mogi das cruzes,SP
a888faf2d1baececa6baf9c3d603ee1f,87502,umuarama,PR
31be790e64fc99f8ff48ec2bd18a3104,09690,sao bernardo do campo,SP
41b39e28db005d9731d9d485a83b4c38,09220,santo andre,SP
809413606dbfe5deefd2db646693ef67,04602,sao paulo,SP
609e1a9a6c2539919b8205cf7c4e6ff0,88359,brusque,SC
001cca7ae9ae17fb1caed9dfb1094831,29156,cariacica,ES
2eb70248d66e0e3ef83659f71b244378,13101,campinas,SP
c6bda72e4dbf5c5866b13cb1810c6d03,03087,sao paulo,SP
cd06602b43d8800bd0afad514919d35c,04119,sao paulo,SP
e882b2a25a10b9c057cc49695f222c19,25963,teresopolis,RJ
9baf5cb77970f539089d09a38bcec5c3,13330,indaiatuba,SP
dbc22125167c298ef99da25668e1011f,37564,borda da mata,MG
56e361f411e38dcef17cdc2a3d99628b,07113,guarulhos,SP
048c2757535328e0d7dac690ad3c0aae,14406,franca,SP
b127efdabeffb5d559349c7b172eb75d,04308,sao paulo,SP
33d677f27a69b84051204ee4ae76eaca,89218,joinville,SC
d91fb3b7d041e83b64a00a3edfb37e4f,11704,praia grande,SP
3d5d0dc7073a299e31fa718ce1bc00b6,22785,rio de janeiro,RJ
688756f717c462a206ad854c5027a64a,07094,guarulhos,SP
17998cf586426bf0f2c3726cb0a4b211,30710,belo horizonte,MG
c864036feaab8c1659f65ea4faebe1da,83605,campo largo,PR
ba143b05f0110f0dc71ad71b4466ce92,02274,sao paulo,SP
c522be04e020c1e7b79f3acff36513d5,06501,santana de parnaiba,SP
5f5b43b2bffa8656e4bc6efeb13cc649,04880,sao paulo,SP
6e864f5c4669eff3d98140a07cc50202,05639,sao paulo,SP
d9bd94811c3338dceb4181f3dbc0c73e,04186,sao paulo,SP
7c67e1448b00f6e969d365cea6b010ab,08577,itaquaquecetuba,SP
d8bf0fc082fd4a77fc2e5679b6c00133,03184,sao paulo,SP
66dc1b1632bd6a3e508510c5b3492107,17210,jau,SP
b335c59ab742f751a85db9c411a86739,38442,araguari,MG
c24173065483e421f9e5e7f599de101d,03548,sao paulo,SP
01fdefa7697d26ad920e9e0346d4bd1b,86050,londrina,PR
43f8c9950d11ecd03a0304a49e010da6,06341,carapicuiba,SP
c26a2be5b53b7db6b276280da212a779,28630,nova friburgo,RJ
c60b801f2d52c7f7f91de00870882a75,07174,guarulhos,SP
eeb6de78f79159600292e314a77cbd18,88501,lages,SC
f049a72cf58fd31b11f8919cade515e7,01023,sao paulo,SP
4bf2f4ee540798a61f9636d12cd9cc80,19814,assis,SP
25e6ffe976bd75618accfe16cefcbd0d,05503,sao paulo,SP
1d8dbc4f32378d715c717c1c1fc57bae,86706,arapongas,PR
fc906263ca5083d09dce42fe02247800,31030,belo horizonte,MG
9596c870880d900012f2e8e6e30d06d7,37074,varginha,MG
1da366cade6d8276e7d8beea7af5d4bf,36500,uba,MG
e96498ed8daaa3e9c23f7a62da76591c,05373,sao paulo,SP
2156f2671501a81034d7d07f217609d0,04776,sp,SP
128639473a139ac0f3e5f5ade55873a5,87050,maringa,PR
0791d9fc1e30678ecf03d3e55fa108d3,30775,belo horizonte,MG
7a241947449cc45dbfda4f9d0798d9d0,37590,jacutinga,MG
7e1fb0a3ebfb01ffb3a7dae98bf3238d,14403,franca,SP
376a891762bbdecbc02b4b6adec3fdda,74323,goiania,GO
1dfe5347016252a7884b694d4f10f5c4,14940,ibitinga,SP
48985c61529077fa4f1e38bcff0f2ed3,90020,porto alegre,RS
25c5c91f63607446a97b143d2d535d31,35680,itauna,MG
d2374cbcbb3ca4ab1086534108cc3ab7,14940,ibitinga,SP
1eade46fba20122dc4aefb379f8c636b,02066,sao paulo,SP
c9a06ece156bb057372c68718ec8909b,73020,brasilia,DF
40d54b51e962dbe09cabbcfd33298dee,09230,santo andre,SP
05d2173d43ea568aa0540eba70d2ca76,37135,alfenas,MG
101a3a003516bc11253298b2fad3cb65,13503,rio claro,SP
058cb5aeb36d7c0fcae20fc85d5e0a59,21635,rio de janeiro,RJ
48efc9d94a9834137efd9ea76b065a38,81130,curitiba,PR
218f991754f360af9c2daa5e0b8e990c,01123,sao paulo,SP
0dd184061fb0eaa7ca37932c68ab91c5,07031,guarulhos,SP
c3867b4666c7d76867627c2f7fb22e21,14580,guara,SP
0bae85eb84b9fb3bd773911e89288d54,88301,itajai,SP
df91910b6a03bb2e3358fa6a35e32f6f,09560,sao paulo,SP
dbdd0ec73a4817971d962698f2fea022,60710,fortaleza,CE
058fd0aa2bfdb2274e05e1ae971dabb6,09020,santo andre,SP
08633c14ef2db992c11f840f04fad4cd,09416,ribeirao pires,SP
f419677537694f0462a91990df6ca44f,09750,sao bernardo do campo,SP
70bf57d811208f8923b41bbd499a67a4,07866,franco da rocha,SP
5b8154610ebb21fb90eb587365e673df,12246,sao jose dos campos,SP
fb89df7f89fd1b8f03fa2acca1ba7364,85853,foz do iguacu,PR
b18871c324516afa228a13e8f1ef0ae9,04186,sao paulo,SP
17ca9b9e9b9ef8fdb529001b49ebb50f,32677,betim,MG
9add47bf45ce8e8c7db6b9cf670b1e09,83830,fazenda rio grande,PR
f262cbc1c910c83959f849465454ddd3,03564,sao paulo,SP
c113b8df1fc375bc3d73d29c1b1144d1,08021,sao paulo,SP
432c37c9dfba871172ec162e20118b8c,70235,brasilia,DF
e9511df20ccd82658a30c37b7fb343af,17026,bauru,SP
27a56ff04b34c2ba34ce6ba4d3b9d616,13033,campinas,SP
888faa8bfb0b159c37de6d898b961c31,88750,braco do norte,SC
6c12e40690c335dbc2f68a4134d30dc1,84178,castro,PR
65febd49fd28ec955651299159b1f527,03275,sao paulo,SP
5b581417df4480f632484ba681e53944,88050,florianopolis,SC
c7c7b2682c648339a0e9846bb1023a39,12916,braganca paulista,SP
06e5eefc71ec47ae763c5c6f8db7064f,91350,porto alegre,RS
77fccaae319668a8ab6cd0fd16aec48c,28035,campos dos goytacazes,RJ
3fadb4cba4c35bce6a7eaf9872d5623a,95013,caxias do sul,RS
817f85dbb65aa3e70831d90fe75cdf89,18530,tiete,SP
6860153b69cc696d5dcfe1cdaaafcf62,13360,capivari,SP
903037660cf848a717166eb7a06d616e,05734,sao paulo,SP
f08c008c8a8d31417763738a1788a2a8,85875,santa terezinha de itaipu,PR
bf3c6d2a28b2b5501e6c15448982dcc9,04180,sao paulo,SP
066a6914e1ebf3ea95a216c73a986b91,85863,foz do iguacu,PR
6d66611d7c44cc30ce351abc49a68421,04378,sao paulo,SP
76d5af76d0271110f9af36c92573f765,03194,sao paulo,SP
729f06993dac8e860d4f02d7088ca48a,13481,limeira,SP
762fafdaa57a532ee0119731697579dd,13311,itu,SP
cc419e0650a3c5ba77189a1882b7556a,09015,santo andre,SP
0df3984f9dfb3d49ac6366acbd3bbb85,32604,betim,MG
7008613ea464bad5cb9b83456e1e6a8f,89460,canoinhas,SC
7f152321c60a266edc53af1925ef96c1,88801,criciuma,SC
994f04b3718c2bab35c2adfa8afecd2a,13912,jaguariuna,SP
3f3486b61f45078d4f31ee5e43d8c5bb,03035,sao paulo,SP
977f9f63dd360c2a32ece2f93ad6d306,14910,tabatinga,SP
d9442042130b7fe579d1295f9f4a248f,03550,sao paulo,SP
ce248b21cb2adc36282ede306b7660e5,89251,jaragua do sul,SC
5b0cc932433fa5184b5b94bfe6bcc256,14940,ibitinga,SP
7ad32824caee82087b3e2e5f33b1bf32,14940,ibitinga,SP
de722cd6dad950a92b7d4f82673f8833,51250,recife,PE
45ba18c210d42734ec52c0c1c574e9ee,18130,sao roque,SP
dc317f341ab0e22f39acbd9dbf9b4a1f,94910,cachoeirinha,RS
d93844a9c55ba7ce353388bcf849ea56,82320,curitiba,PR
1b8356dabde1d35e17cef975c3f82730,03477,sao paulo,SP
13f57c12a00ed4610db646b913a7f5c6,11015,santos,SP
52562a9f449c3dc3d53f5f5b9ed74903,59152,parnamirim,RN
968268a686aa05d1f529fb07dff08130,01530,sao paulo,SP
54965bbe3e4f07ae045b90b0b8541f52,85851,foz do iguacu,PR
6039e27294dc75811c0d8a39069f52c0,06162,osasco,SP
3492e68f37fd1df87f4f2f2ea247f445,13322,salto,SP
05ff92fedb5be47920fea08e501238b9,98803,santo angelo,RS
916c9de0b5ad957346eeeb12f332687e,80240,curitiba,PR
53d00c40e32aeb924a84ce72b1af869d,14940,ibitinga,SP
93dc87703c046b603023e75222018b45,30315,belo horizonte,MG
f0b47fbbc6dee9aafe415a6e33051b3f,09360,maua,SP
06532f10282704ef4c69168b914b77be,87140,paincandu,PR
1127b7f2594683f2510f1c2c834a486b,13087,campinas,SP
79ed755314cfe6df0daef2c6cd3022cd,13503,rio claro,SP
2c9e548be18521d1c43cde1c582c6de8,08752,mogi das cruzes,SP
bc47d5d1490df2b36add65d733eafaba,09163,santo andre,SP
de66a66f2dd06bb9ec37aa96987466a3,20910,rio de janeiro,RJ
c31eff8334d6b3047ed34bebd4d62c36,13322,salto,SP
822166ed1e47908f7cfb49946d03c726,25803,tres rios,RJ
f1b93673502375d491780bb49d615dbc,12228,sao jose dos campos,SP
b2ba3715d723d245138f291a6fe42594,03470,sao paulo,SP
b410bdd36d5db7a65dcd42b7ead933b8,74645,goiania,GO
fcb5ace8bcc92f75707dc0f01a27d269,07032,guarulhos,SP
7681ef142fd2c19048da7430856b5588,07074,guarulhos,SP
3771c85bac139d2344864ede5d9341e3,18087,sorocaba,SP
7ddcbb64b5bc1ef36ca8c151f6ec77df,04403,sao paulo,SP
bd0389da23d89b726abf911cccc54596,71691,brasilia,DF
af3ef48d0e13835e529c29ac573c63e5,14802,araraquara,SP
855668e0971d4dfd7bef1b6a4133b41b,13257,itatiba,SP
77e4abfd739aed9c46480f90f81c0eb4,70767,brasilia,DF
1c68394e931a64f90ea236c5ea590300,87114,sarandi,PR
95b293867b5862941c9cd74f756a3c68,08223,sao paulo,SP
f63d8f293af3a6454377546bd9dd19ff,18110,votorantim,SP
7a425d299613df3e613bcf9d2eaf5c49,22790,rio de janeiro,RJ
6bb0724edf0b62fb91ac404873a97241,06700,cotia,SP
f593898ec748b7a8cb81fc04edafd98a,13920,pedreira,SP
77530e9772f57a62c906e1c21538ab82,80310,curitiba,PR
297d5eccd19fa9a83b2630071ff105e4,80710,curitiba,PR
191d55f7edb8524d525ed01b20fe32e8,73020,brasilia,DF
edf96ef93ed595084bbcbd9224bd2894,01545,sao paulo,SP
6a8b085f816a1f75f92dbac6eb545f8f,14709,bebedouro,SP
062ce95fa2ad4dfaedfc79260130565f,95913,lajeado,RS
2ee0a0689f2f6a72f35a7cb6033f6e7e,19025,presidente prudente,SP
dd533b429f380718b70ad9922c294bae,14781,barretos,SP
582d4f8675b945722eda7c0cb61ba4c7,11250,bertioga,SP
94144541854e298c2d976cb893b81343,94451,viamao,RS
bf84056e679dbe9c69929847a40e338f,02537,sao paulo,SP
1c129092bf23f28a5930387c980c0dfc,02972,sao paulo,SP
b01c2b7b8599b325103ebcddc67413e1,95800,venancio aires,RS
b499c00f28f4b7069ff6550af8c1348a,13481,limeira,SP
fad44952713764836814be105382aee5,21340,rio de janeiro,RJ
624f4ece8da4aafb77699233d480f8ef,05138,sao paulo,SP
95e03ca3d4146e4011985981aeb959b9,21210,rio de janeiro,RJ
1771297ac436903d1dd6b0e9279aa505,07025,guarulhos,SP
1d503743d2526f03f0c2c89540ee008c,01035,sao paulo,SP
df560393f3a51e74553ab94004ba5c87,87900,loanda,PR
834f3294fba9f932f56edc879193f925,14808,araraquara,SP
381c83fdca332ea6afd896da20bf6e4a,80010,curitiba,PR
20cb7c2fde3e5bf10f0bbe7394e1c6a9,86385,andira-pr,PR
7b7f91e98f8c6def45a1407923304402,06154,osasco,SP
4c2b230173bb36f9b240f2b8ac11786e,03933,sao paulo,SP
ac6417315ae5da8f9a38ee11de6f7780,07400,aruja,SP
02f623a8eb246f3c5f7c2f96462654e6,18611,botucatu,SP
5d0363b33554b373851fc1622e4d5f3c,12952,atibaia,SP
013900e863eace745d3ec7614cab5b1a,80740,curitiba,PR
88cf19ec1fc2c58f161aee259d57142c,13570,sao carlos,SP
c679fb69a36e1d8349e8c50a217b4d58,95020,caxias do sul,RS
17a053fcb14bd219540cbde0df490be0,13843,mogi guacu,SP
41b14765bd56c8ad10971074380f9c0c,09070,santo andre,SP
cc5a78bbad32776dc4e3af205218368c,35501,divinopolis,MG
4e922959ae960d389249c378d1c939f5,12327,jacarei,SP
b8630e1121437d41cb08e3c749c2c2e2,25070,duque de caxias,RJ
78744a20ee2f80ba64f6804c25def2b8,50751,recife,PE
94e93ce877be27a515118dbfd2c2be41,15502,votuporanga,SP
8581055ce74af1daba164fdbd55a40de,07112,guarulhos,SP
52f0fe436a347ddad7ed5f9aa4e27eaa,01129,sao paulo,SP
c33847515fa6305ce6feb1e818569f13,88359,brusque,SC
8b8cfc8305aa441e4239358c9f6f2485,86020,londrina,PR
2a7dc43cecabf23403078e2188437d1d,04142,sao paulo,SP
ea566164622c6b439516ab18062c42cd,05303,sao  paulo,SP
1a932caad4f9d804097d7f8e615baed1,02976,sao paulo,SP
2be17df1c49978426251562096c3cc09,88704,tubarao,SC
c500367424994318b9e779ff1ae9a330,13145,paulinia,SP
19e0f40a907ec568c34bfac15de4f4a1,13478,americana,SP
ecccfa2bb93b34a3bf033cc5d1dcdc69,81810,curitiba,PR
d921b68bf747894be13a97ae52b0f386,35570,formiga,MG
e256a62e0ac58c0edfba09966142d561,81320,curitiba,PR
c4d51195486dc781531876a7d00453d8,19023,presidente prudente,SP
2528513dd95219a6013d4d05176e391a,06060,osasco,SP
921323538c9f1c4e816f2720eac02bea,01319,sao paulo,SP
77a515caa36327151d1cc6c32a9f00e1,09912,diadema,SP
32fdd5d44ecb43dfd6a24b9369eca144,35557,carmo do cajuru,MG
4b0fdb526525f9890eb145bf1534640e,14940,ibitinga,SP
1cd9e0cc1839d55516843def5600816d,03951,sao paulo,SP
7fc87cc3e89b3d1d5cabdca32f8485aa,07123,guarulhos,SP
318f287a62ab7ac10b703ac37435a231,04773,sao paulo,SP
5b179e9e8cc7ab6fd113a46ca584da81,05424,sao paulo,SP
ffdd9f82b9a447f6f8d4b91554cc7dd3,80030,curitiba,PR
2379bdc3888025689a9deb7b141507d5,13806,mogi mirim,SP
5ee7fd217d08dfe5d3e2f51f96a12c9a,13880,vargem grande do sul,SP
834f8533b2ecb6598dd004ff3de7203a,05181,sao paulo,SP
8e2b3afb420011ef0c88c9d5f11ea526,13060,campinas,SP
cc3d14116804f7209f3884f6367f1152,82940,curitiba,PR
440dd6ab244315c632130ecfb63827b1,15502,votuporanga,SP
f3c38ab652836d21de61fb8314b69182,01206,sao paulo,SP
45d33f715e24d15a6ccf5c17b3a23e3c,18015,sorocaba,SP
1bb3812d5f0747a3ab7348f199001a10,04708,sao paulo,SP
c33a5c3c983090c8b78a28e65052a20d,88802,criciuma,SC
16090f2ca825584b5a147ab24aa30c86,12940,atibaia,SP
b561927807645834b59ef0d16ba55a24,02955,sao paulo,SP
e06f09ec0a4aca210779cf1cfc63cf19,04773,sao paulo,SP
213b25e6f54661939f11710a6fddb871,13321,salto,SP
a36ac007a4d18f865c8d32c3b2402c2d,06455,barueri,SP
56642bcb79900e777d68e91915cb4267,03701,sao paulo,SP
8a130737016f838139d31878787a39c9,03187,sao paulo,SP
850f4f8af5ea87287ac68de36e29107f,04367,sao paulo,SP
343e716476e3748b069f980efbaa294e,13033,campinas,SP
643214e62b870443ccbe55ab29a4dccf,02134,sao paulo,SP
0241d4d5d36f10f80c644447315af0bd,80330,curitiba,PR
272f092de69afedd4d2969440b37f18f,03265,sao paulo,SP
c53bcd3be457a342a97e39e5a9f0be22,49980,neopolis,SE
729b2d09b2a0bdab221076327f13d050,17320,mineiros do tiete,SP
18e694e0e48ed6f7aa3f24aade5fd697,13224,varzea paulista,SP
3903c788ded8dc03b5ebab37a2f3e9a1,06332,carapicuiba,SP
897060da8b9a21f655304d50fd935913,14092,ribeirao preto,SP
b494891378bd8f4560abe576c52deacd,04160,sao paulo,SP
09f952a5f58d2285b0372551ae8f9b01,09725,sao bernardo do campo,SP
14d7985702e72162bbf13b6beb74ab2b,09131,santo andre,SP
2c4c47cb51acd5ea5db5e0ae0e26542a,15290,buritama,SP
9616352088dcf83a7c06637f4ebf1c80,87504,umuarama,PR
f08a5b9dd6767129688d001acafc21e5,90230,porto alegre,RS
ae45df84722b1d15c5f32b23a095746c,03062,sao paulo,SP
520b493b57809f446cb0a233bb3e25c7,11075,santos,SP
d13e50eaa47b4cbe9eb81465865d8cfc,09210,santo andre,SP
5c6d4016c2a288f074fa0848a2b653d2,01209,sao paulo,SP
88cd3681e0a2ba85e190f7d817629c4c,88354,brusque,SC
da8622b14eb17ae2831f4ac5b9dab84a,13405,piracicaba,SP
b37c4c02bda3161a7546a4e6d222d5b2,03667,sao paulo,SP
5f1dc28029d2c244352a68107ec2b542,05126,sao paulo,SP
710e3548e02bc1d2831dfc4f1b5b14d4,86600,rolandia,PR
3ab971ce71839580d2ae5b4e40fe8044,03210,sao paulo,SP
9d4db00d65d7760644ac0c14edb5fd86,18025,sorocaba,SP
1dcfa3835714681d4ba4a93bc1e0fd41,16200,birigui,SP
6da1992f915d77be95d7fa48b36904af,01026,sao paulo,SP
1336efc61c316ddf92c899eb817f7cae,19800,assis,SP
620c87c171fb2a6dd6e8bb4dec959fc6,25645,petropolis,RJ
63a79f5a7eb5cb48a7e5787b141c7993,38701,patos de minas,MG
4c8b8048e33af2bf94f2eb547746a916,14940,ibitinga,SP
88460e8ebdecbfecb5f9601833981930,87030,maringa,PR
7d76b645482be4a332374e8223836592,01511,sao paulo,SP
cac4c8e7b1ca6252d8f20b2fc1a2e4af,13347,indaiatuba,SP
cc63f0dd2acba93ffed4fe9f8e0321fa,15025,sao jose do rio preto,SP
01fd077212124329bac32490e8ef80d9,14079,ribeirao preto / sao paulo,SP
06a2c3af7b3aee5d69171b0e14f0ee87,65072,sao luis,MA
2e90cb1677d35cfe24eef47d441b7c87,02285,sao paulo,SP
adbc26658d6c7b4b6219f9d934598091,81770,curitiba,PR
d05ae8f7a5bd1d2a690a44cd079e4e27,22775,rio de janeiro,RJ
edd066cd02126d7800f9b66e980e9931,70070,brasilia,DF
c878515173c84a492ebe50d6b493230b,85880,itaipulandia,PR
2e1c9f22be269ef4643f826c9e650a52,04850,sao paulo,SP
00fc707aaaad2d31347cf883cd2dfe10,87025,maringa,PR
d1c281d3ae149232351cd8c8cc885f0d,14940,ibitinga,SP
33c51922b6e3c16b24a8f28e5833c99d,86010,londrina,PR
f80edd2c5aaa505cc4b0a3b219abf4b8,03431,sao paulo,SP
8629c241b3622ac12cd4118afdc8d394,14090,ribeirao preto,SP
3ade81dab5a172b88e1871c28ae05260,15076,sao jose do rio preto,SP
562fc2f2c2863ab7e79a9e4388a58a14,13070,campinas,SP
7dc8c42cc750eeafea6c85712ffee9bf,05424,sao paulo,SP
68ca56ce86830f3d31b1b7ec6a54da3e,83280,guaratuba,PR
8d92f3ea807b89465643c219455e7369,03052,sao paulo,SP
7e26c750b4cb9f6766f58265ff9ebe95,30270,belo horizonte,MG
5a8e7d5003a1f221f9e1d6e411de7c23,13076,campinas,SP
575df70bde3f9f2b30bf8d2e9910d725,15075,sao jose do rio preto,SP
3bb548e3cb7f70f28e3f11ee9dce0e59,87040,maringa,PR
ee2fbacc2fc3794e656cc4d933d59ce7,05061,sao paulo,SP
522620dcb18a6b31cd7bdf73665113a9,85801,cascavel,PR
ff1e15b778c700abdd4d239b81ac466d,81260,curitiba,PR
85d9eb9ddc5d00ca9336a2219c97bb13,31255,belo horizonte,MG
a673821011d0cec28146ea42f5ab767f,03809,sao paulo,SP
c8b3445d737de6befde0c88ede534a5e,05734,sao paulo,SP
eb5b6204dde3a6e03b5f1bb8479f055b,06900,embu guacu,SP
11bfa66332777660bd0640ee84d47006,14085,ribeirao preto,SP
5160d23075764e18e07c1f4a87fad743,09720,sao bernardo do campo,SP
141440cad9341e553f8401c574a2aa38,85200,pitanga,PR
dd55f1bb788714a40e7954c3be6df745,01021,sao paulo,SP
dc4a0fc896dc34b0d5bfec8438291c80,14940,ibitinga,SP
b9ca8e8baa5d4aa038394a700f63e69f,03001,sao paulo,SP
e26901d5ab434ce92fd9b5c256820a4e,09350,maua,SP
a6fe7de3d16f6149ffe280349a8535a0,14401,franca,SP
aac29b1b99776be73c3049939652091d,38408,uberlandia,MG
54a1852d1b8f10312c55e906355666ee,13456,santa barbara d'oeste,SP
c826c40d7b19f62a09e2d7c5e7295ee2,07133,guarulhos,SP
a425f92c199eb576938df686728acd20,81050,curitiba,PR
94c49f20a123aeb9360dbf80ff912bf6,18015,sorocaba,SP
d12c926d74ceff0a90a21184466ce161,02634,sao paulo,SP
f235413f677777a0738ff215d0184901,17250,bariri,SP
594f9aaa48e5bf431f011ddc5669b0d5,32185,contagem,MG
f7ccf836d21b2fb1de37564105216cc1,14940,ibitinga,SP
7e3f87d16fb353f408d467e74fbd8014,04809,sao paulo,SP
bb135baca94c82fcb731335ad5b04a03,04362,sao paulo,SP
4830e40640734fc1c52cd21127c341d4,03573,sao paulo,SP
dbb9b48c841a0e39e21f98e1a6b2ec3e,03929,sao paulo,SP
72c5da29406b4234927b81855e7b64f6,07077,guarulhos,SP
0ed6ce5d87fd9c69eaacaeb778d67235,13473,americana,SP
6973a06f484aacf400ece213dbf3d946,12230,sao jose dos campos,SP
0cbcee27c791afa0cdcb08587a2013a8,37410,tres coracoes,MG
fcdd820084f17e9982427971e4e9d47f,14075,ribeirao preto,SP
b1a81260566c1bac3114a6d124413f27,99500,carazinho,RS
080199a181c46c657dc5aa235411be3b,06097,osasco,SP
cca3071e3e9bb7d12640c9fbe2301306,14940,ibitinga,SP
788e857f317e53de488d393e65a80f45,08280,sao paulo,SP
d51e0a403fe2e689ece6c73359d96e12,17580,pompeia,SP
7f7b8245c336066a1f9933c359f11d77,13800,mogi mirim,SP
8648b1e89e9b349e32d3741b30ec737e,12308,jacarei,SP
d50d79cb34e38265a8649c383dcffd48,08290,sao paulo,SP
717b78b0950b51ed00b1471d858b0edc,18220,alambari,SP
ebd2d60905fb58271facef5596b620d3,18683,lencois paulista,SP
530ec6109d11eaaf87999465c6afee01,85807,cascavel,PR
f9d010e39375d9c91dce3f40b73a2f84,12600,lorena,SP
0adac9fbd9a2b63cccaac4f8756c1ca8,13290,louveira,SP
04aba03279157f6d4e0fe8ccaf21963c,28470,santo antonio de padua,RJ
7b0df942f46435babab05d49b744b2c4,12924,braganca paulista,SP
55d3daac7c404d59e51c2aa2f4dc5a23,02150,sao paulo,SP
659e8466eb3ff1b0e8740d74fb7bbedd,45820,eunapolis,BA
1c40343cc5d18c2d8248ac2f3366de34,13482,limeira,SP
6fc26fe110feebd80a433e1f012a84f9,15601,fernandopolis,SP
2f4b9d112bfa44a214bc6cef085d17c8,29600,afonso claudio,ES
98dac6635aee4995d501a3972e047414,02030,sao paulo,SP
a49928bcdf77c55c6d6e05e09a9b4ca5,03017,sao paulo,SP
51ed72984a04e5dd35c2b27e77179038,15050,sao jose do rio preto,SP
0d85bbda9889ce1f7e63778d24f346eb,38414,uberlandia,MG
4c61e37f664c3c88aff092aa5ac779d7,24020,niteroi,RJ
d624126b9206f595fb3fbb6ba03b28a8,80045,curitiba,PR
26d8a1c7c75d513045798992ead43aa2,86800,apucarana,PR
f181738b150df1f37cb0bd72e705b193,06317,carapicuiba,SP
bd4889b5e9133b35b66e42a8665cea5c,02963,sao paulo,SP
d5c530f4884a75ae0dba9c148718d278,35660,centro,MG
5ab05b6d86d417796c69ffd6774ec832,19815,assis,SP
9de4643a8dbde634fe55621059d92273,89225,joinville,SC
3be634553519fb6536a03e1358e9fdc7,08275,sao paulo,SP
04308b1ee57b6625f47df1d56f00eedf,88215,bombinhas,SC
23d7c96d4a1160db1c726b248601b25a,13360,capivari,SP
86bb7c4b535e49a541baf3266b1c95b1,14401,franca,SP
e5475dcab1e07b63d7f6e902d8f5eda8,09921,diadema,SP
33a6f4b1e7cdc205511e76ba1b6e0186,07084,guarulhos,SP
91f848e9f4be368f4318775aac733370,03029,sao paulo,SP
7a67c85e85bb2ce8582c35f2203ad736,03426,sao paulo,SP
b372ee768ed69e46ca8cdbd267aa7a38,15013,sao jose do rio preto,SP
d20b021d3efdf267a402c402a48ea64b,14940,ibitinga,SP
0ea22c1cfbdc755f86b9b54b39c16043,35700,sete lagoas,MG
db2956745b3a8e9f3785c99f34b5d25e,11600,sao sebastiao,SP
232a6014e7b10cba61c6c2b2ea6bb4b0,16500,cafelandia,SP
712e6ed8aa4aa1fa65dab41fed5737e4,89560,videira,SC
0b35c634521043bf4b47e21547b99ab5,84530,teixeira soares,PR
c35672b10ad50968f567ea3f4b91e877,26551,mesquita,RJ
edb1ef5e36e0c8cd84eb3c9b003e486d,25957,teresopolis,RJ
3c7c4a49ec3c6550809089c6a2ca9370,03804,sao paulo,SP
48162d548f5b1b11b9d29d1e01f75a61,13403,piracicaba,SP
3fd1e727ba94cfe122d165e176ce7967,14802,araraquara,SP
9646c3513289980f17226a2fc4720dbd,12215,sao jose dos campos,SP
36a968b544695394e4e9d7572688598f,11010,santos,SP
4b5f66b7adcf57f1ecc0d3c07dd6b177,87025,vendas@creditparts.com.br,PR
89ad3263c0931c47f976d7c5778e60f6,05127,sao paulo,SP
8160255418d5aaa7dbdc9f4c64ebda44,14940,ibitinga,SP
cee48807215b30a12ca2ca10ffb5f250,11431,guaruja,SP
4c03b9dd4c11ee2cb35c96c49efc9420,13232,campo limpo paulista,SP
a5a1bfcf728ab0e19182959cf0771ee4,13960,socorro,SP
ffff564a4f9085cd26170f4732393726,13070,campinas,SP
bbad7e518d7af88a0897397ffdca1979,01512,sao paulo,SP
d9e7e7778b32987280a6f2cb9a39c57d,03304,sao paulo,SP
99a54764c341d5dc80b4a8fac4eba3fb,03273,sao paulo,SP
282f23a9769b2690c5dda22e316f9941,31573,belo horizonte,MG
e21a1e8be4715b0fcfd5385643bc49c4,88715,jaguaruna,SC
8f119a0aee85c0c8fc534629734e94fd,06440,barueri,SP
fdaaf5bfda82b7b80535610c831b8d09,15015,sao jose do rio preto,SP
b1fc4f64df5a0e8b6913ab38803c57a9,24440,sao goncalo,RJ
0ebd97a106433a45a4aebe57c1799778,32240,contagem,MG
f0ec78809fe0bc3edb11c9fe5b97b059,04291,sao paulo,SP
a7f13822ceb966b076af67121f87b063,08577,itaquaquecetuba,SP
4e8dacf3d38f281ae26c3e0321d92d88,08420,sao paulo,SP
78a4d36f65a019172c6154468831a69f,17018,bauru,SP
c64a2aec32cc408a8a4c6d7c46017f91,95625,imbe,RS
5def4c3732941a971cba8fdee992ede1,02113,sao paulo,SP
80e6699fe29150b372a0c8a1ebf7dcc8,83323,pinhais,PR
f8e2c1b59cd4225a3e4fd0d013a76b93,14021,ribeirao preto,SP
c003204e1ab016dfa150abc119207b24,07790,cajamar,SP
5656537e588803a555b8eb41f07a944b,72015,brasilia,DF
b8bc237ba3788b23da09c0f1f3a3288c,88303,itajai,SC
28f10b1c5e5abb9d4857745bede6147c,04250,sao paulo,SP
5dceca129747e92ff8ef7a997dc4f8ca,13450,santa barbara d´oeste,SP
e1dc0754bada9ee4cfe9713f22f61292,25035,duque de caxias,RJ
0e44d110fa6a54e121cb2c095a77762f,07901,francisco morato,SP
3d871de0142ce09b7081e2b9d1733cb1,13232,campo limpo paulista,SP
86ccac0b835037332a596a33b6949ee1,89041,blumenau,SC
3340ef1913fb70d28420f6ceb685c339,87040,maringa,PR
76de363de16dacc923eec8daf91df504,89825,xaxim,SC
1bb2bdb95f4841f1bba2c0d2cd83d3c9,01257,sao paulo,SP
670c26e0f1bf8d0576271d5cfaec6d2b,87025,maringa,PR
f4aba7c0bca51484c30ab7bdc34bcdd1,01031,sao paulo,SP
e9d99831abad74458942f21e16f33f92,03542,sao paulo,SP
dc8798cbf453b7e0f98745e396cc5616,05455,sao paulo,SP
240b9776d844d37535668549a396af32,24120,niteroi,RJ
a2e874074c877c5a05abae80ad6e488f,15070,sao jose do rio preto,SP
0bb738e4d789e63e2267697c42d35a2d,18130,sao roque,SP
8c16d1f32a54d92897cc437244442e1b,89023,blumenau,SC
f5a590cf36251cf1162ea35bef76fe84,09720,sao bernardo do campo,SP
1e8b33f18b4f7598d87f5cbee2282cc2,02066,sao paulo,SP
1da3aeb70d7989d1e6d9b0e887f97c23,04265,sao paulo,SP
5b67882648febfb6e1225e6ad7164f6b,87502,umuarama,PR
53e4c6e0f4312d4d2107a8c9cddf45cd,13920,pedreira,SP
527801b552d0077ffd170872eb49683b,17400,garca,SP
be67f78487e2cecb0d55bc769709e4f5,32419,ibirite,MG
7202e2ba20579a9bd1acb29e61fe71f6,14401,franca,SP
0509040ea3fe50071181bbc359eb7738,31710,belo horizonte,MG
bba74270a87732727b5a3b4fd9ac1c39,32604,betim,MG
835f0f7810c76831d6c7d24c7a646d4d,08030,sao paulo,SP
a066df7361163e7ddc5d7452dd17448b,14401,franca,SP
238fac594e170b59c6d228f5a4f4f1d9,17300,dois corregos,SP
83645b1645cdee8953ee54c29ceed564,85875,santa terezinha de itaipu,PR
5cf13accae3222c70a9cac40818ae839,38700,patos de minas,MG
96804ea39d96eb908e7c3afdb671bb9e,38950,ibia,MG
57c764b4a836300be881e2ff86e449f9,14021,ribeirao preto,SP
8d79c8a04e42d722a75097ce5cbcf2ef,61658,caucaia,CE
8ae520247981aa06bc94abddf5f46d34,88370,navegantes,SC
ac3508719a1d8f5b7614b798f70af136,92030,canoas,RS
4a3ca9315b744ce9f8e9374361493884,14940,ibitinga,SP
6d988d6174a2c27441597174f8905515,87070,maringa,PR
6f892e20a171e98efe17fdb971ff319b,08270,sao paulo,SP
acadd4d36859671cb635527c6c977533,14270,santa rosa de viterbo,SP
034b9387752bfa309f350a70cd45ffa3,89036,blumenau,SC
abbf6046bbdf1028606a5bc7f00c99e7,89820,xanxere,SC
0725b8c0f3f906e58f70cbe76b7c748c,07023,guarulhos,SP
634964b17796e64304cadf1ad3050fb7,21840,rio de janeiro,RJ
6624bc09786f0e41ae48dfc5eeb1a9e2,30390,belo horizonte,MG
54219883e72aad869adfb2a54b7bfa0f,18060,sorocaba,SP
3078096983cf766a32a06257648502d1,13720,scao jose do rio pardo,SP
bccf933e006e9b94a6184af782963e77,19806,assis,SP
b33e7c55446eabf8fe1a42d037ac7d6d,14850,pradopolis,SP
218d46b86c1881d022bce9c68a7d4b15,14070,ribeirao preto,SP
dfc475d54e1b6dbeeb7d7d9bdaa63827,81460,curitiba,PR
813348c996469b40f2e028d5429d3495,13206,jundiai,SP
2745f798279e0ed033addcc1474776d7,03106,sao paulo,SP
cce6ab8d1682639fe45ab70234f1665f,81020,curitiba,SP
10089e9f2fd0c668a8fd4e52e1698888,15061,sao jose do rio preto,SP
2f09f7d37a97956d11cc1a7cadd5262b,14090,ribeirao preto,SP
f41ce2e25237f9092cd8e6e7516c7a2f,07013,guarulhos,SP
8e6cc767478edae941d9bd9eb778d77a,38442,araguari,MG
f5b44895715ddfe3087dc414f30268f3,18017,sorocaba,SP
4992e76a42cb3aad7a7047e0d3d7e729,03334,sao paulo,SP
02dcd3e8e25bee036e32512bcf175493,32310,contagem,MG
f783a638e9c6af4a7d0dbfde811e7a81,03063,sao paulo,SP
4da0e408c99d2fdc2126dc9fce518060,86300,cornelio procopio,PR
8b28d096634035667e8263d57ba3368c,12243,sao jose dos campos,SP
4371b634e0efc0e22b09b52907d9d469,02028,sao paulo,SP
1b45169b635ef59425637e9a33eb5fb3,87050,maringa,PR
bd23da7354813347129d751591d1a6e2,03971,sao paulo,SP
8f2ce03f928b567e3d56181ae20ae952,05141,pirituba,SP
d4e12e7884759a14fa0f5f896c791cae,02242,sao paulo,SP
e24fc9fcd865784fb25705606fe3dfe7,12913,braganca paulista,SP
26e2c91ef821e1ff8985f408788fe35b,14940,ibitinga,SP
afe0067131b73e40875c9b6c10bd2e21,35590,lagoa da prata,MG
85cc55e048b6bcc90c75afe7f0e72f72,27345,barra mansa,RJ
8a32e327fe2c1b3511609d81aaf9f042,02443,sao paulo,SP
0f519b0d2e5eb2227c93dd25038bfc01,14940,ibitinga,SP
ec5c1d94df153d473b37f880977ae58e,21320,rio de janeiro,SP
31561f325664a8a7aba4c8d0c3a9b3db,03287,sao paulo,SP
0873d9f8f36123f8d910f4760e788cfb,06465,barueri,SP
4869f7a5dfa277a7dca6462dcf3b52b2,14840,guariba,SP
37515688008a7a40ac93e3b2e4ab203f,17900,dracena,SP
bfd938b22bc99bce1ae60dc602889f52,22775,rio de janeiro,RJ
ffa6adafb71b807dc13159e26431354c,86030,londrina,PR
080102cd0a76b09e0dcf55fcacc60e05,31140,belo horizonte,MG
17306570e772e7718c92a562d33f5f1d,17250,bariri,SP
25e47381a6c510ddeb36084e33b89f0c,11720,praia grande,SP
4d6d651bd7684af3fffabd5f08d12e5a,17209,jau,SP
24a6daf925d9d591870a66660416de31,14078,robeirao preto,SP
b76dba6c951ab00dc4edf0a1aa88037e,03237,sao paulo,SP
b1204cfda1d4948679db3cfc0d3cb95c,07170,guarulhos,SP
b4ffb71f0cb1b1c3d63fad021ecf93e1,03880,sao paulo,SP
0417b067eeab773d2f7061a726dc477f,89288,sao bento do sul,SC
974cf2cb8f4b7add98709c30df02fe10,14802,araraquara,SP
4a3ccda38b2129705f3fb522db62ca31,17504,marilia,SP
5b85809efd0d0e4dea1a9544e1280ed9,19020,presidente prudente,SP
34056b8b55c1775a22af2331670a799c,16304,penapolis,SP
bd1d49a326abfa9b1036772e40445430,17017,bauru,SP
6861de0f40cacb0602e473c51639f980,80420,curitiba,PR
c9c7905cffc4ef9ff9f113554423e671,06871,itapecerica da serra,SP
abc015ebac1d283a323ca9db35ede4b9,14055,ribeirao preto,SP
00720abe85ba0859807595bbf045a33b,07070,guarulhos,SP
75d34ebb1bd0bd7dde40dd507b8169c3,41820,salvador,BA
e5e33c0d8e7e002f398f5dc4cbbb338f,17032,bauru,SP
8f54d64f28a993550aa7943f12572959,35160,ipatinga,MG
13074f016982ff2bd6c58ced8682f000,95705,bento goncalves,RS
cd3d09fbe6e3e9ff0c0ac0c300e93ae7,13380,nova odessa,SP
57e632711dec9ec14ca7546769483e7e,88372,navegantes,SC
cb3dd9ce66268c7a3ca7241ac70ab58c,03028,sao paulo,SP
9906e7aa42a3c067b7c9a564d01c4320,87065,maringa,PR
1f1bb1f0859883505541bdd6606193e5,02124,sao paulo,SP
4200ddf1967c5e41e48db62bc6d4b5ac,09710,sao bernardo do campo,SP
ed9eef5be0992d413d251fadba1a410d,13845,mogi guacu,SP
c847e075301870dd144a116762eaff9a,38022,uberaba,MG
1025f0e2d44d7041d6cf58b6550e0bfa,03204,sao paulo,SP
891071be6ba827b591264c90c2ae8a63,03872,sao paulo,SP
dd58ee93286b0821565574c570e9e1dc,81650,curitiba,PR
827f8f69dfa529c561901c4f2e0f332f,81880,curitiba,PR
59fb871bf6f4522a87ba567b42dafecf,03655,sao paulo,SP
a1043bafd471dff536d0c462352beb48,37175,ilicinea,MG
92eb0f42c21942b6552362b9b114707d,03504,sao paulo,SP
09883d9ab71c8fe8a9bfc7fc3075b07e,08180,sao paulo,SP
6bbcb8924baf70b7fe2fe2097e8cd407,89031,blumenau,SC
2709af9587499e95e803a6498a5a56e9,03813,sao paulo,SP
725c32fa80c2faacc4fc88450d27314e,03320,sao paulo,SP
e8b3a3a38279a82f0e5d006d5e5b7d2c,87230,jussara,PR
b17b679f4f5ce2e03ce6968c62648246,14090,ribeirao preto,SP
a1474fd46fd3430168f7ec202da39408,83321,pinhais,SP
bce6a5ecf98e99fd2a8868b15c51f04b,07180,guarulhos,SP
0db783cfcd3b73998abc6e10e59a102f,11010,santos,SP
f307937c1bb287c3efc2a514b94b0d1d,38183,araxa,MG
b76a1f8356322f12529c37b67d5c96c2,11015,santos,SP
431af27f296bc6519d890aa5a05fdb11,14110,ribeirao preto,SP
0be8ff43f22e456b4e0371b2245e4d01,04461,sao paulo,SP
1835b56ce799e6a4dc4eddc053f04066,14940,ibitinga,SP
e48b04bf1aa1ef711caebeb7aede6180,80240,curitiba,PR
c273175f7c6c80fb02f051e2fc6d0d72,05849,sao paulo,SP
382229d1e840115ffe3dbf5ff460e417,23092,rio de janeiro,RJ
5c243662ce92d84573bfaff24c3e3700,03702,sao paulo,SP
ab3e0c171fe84a7ba7de130f19cfb485,86690,colorado,PR
fd386aa7bed2af3c7035c65506c9b4a3,04208,sao paulo,SP
41c2bad7229b0c25e6becf179ebf63ff,59020,natal,RN
4559697a8f7e637227c2eeaed843baff,19029,presidente prudente,SP
42fa4ee7240e9b8eb4576358ec142ba7,95012,caxias do sul,RS
7ecd59e5e20407131822c1a68ac59c1f,70719,brasilia,DF
e8f6dc8e6a1dcde89d20e3995c8d90b3,03476,sao paulo,SP
81a1104df0f08b59c68aa5b03cfe398e,83020,sao jose dos pinhais,PR
750303a20e9c56b2a6bc45cdce0b897d,74333,goiania,GO
f8db351d8c4c4c22c6835c19a46f01b0,13324,salto,SP
1838dd9b8977065acf51d95e0053ea7a,30882,belo horizonte,MG
1b8b75e227c9a9c100d0c210fb6176ce,05468,sao paulo,SP
39d54ff918774174706fb065d7f9dc07,04243,sao paulo,SP
5b33b527da3c5b969cc99dc435cad09a,87702,paranavai,PR
1ca7077d890b907f89be8c954a02686a,06506,santana de parnaiba,SP
d566c37fa119d5e66c4e9052e83ee4ea,04131,sao paulo,SP
2b3e4a2a3ea8e01938cabda2a3e5cc79,04733,sao paulo,SP
e333046ce6517bd8bb510291d44f0130,18950,ipaussu,SP
5a413ade68e8f8d93071a7f52a64cb9e,03679,sao paulo,SP
9535a841eecebed61a9fb1ac1cbb5597,01208,sao paulo,SP
83e197e95a1bbabc8c75e883ed016c47,25900,mage,RJ
270297ead4c65a6cd2593960d2af6b21,04696,sao paulo,SP
fa14641f57b655e933124a9ea49cd7a5,01310,sao paulo,SP
70a12e78e608ac31179aea7f8422044b,12327,jacarei,SP
c1ed9e3daf6154542826a6996af0fb8c,88308,itajai,SC
fb3cfbc8a86f5d7fbb4d36b8df63f60d,21825,rio de janeiro,RJ
7c51de0ab286204ce75ff42bf7c10d92,88380,picarras,SC
ff063b022a9a0aab91bad2c9088760b7,09171,santo andre,SP
82bd0703a4aefd6b599e5bfdaed378fb,17510,marilia,SP
beadbee30901a7f61d031b6b686095ad,07097,guarulhos,SP
7139dc5186aa238b006e066d8fbab2e4,13901,amparo,SP
d94a40fd42351c259927028d163af842,37443,baependi,MG
6288c69c4ce638e59925e59193f98b16,09010,santo andre,SP
2bf6a2c1e71bbd29a4ad64e6d3c3629f,28615,nova friburgo,RJ
7c4618c82226628831613e95e9c22f44,18136,sao roque,SP
06579cb253ecd5a3a12a9e6eb6bf8f47,04007,sao paulo - sp,SP
612a743d294c27884fb7b80d2b19ba35,80620,curitiba,PR
46dc3b2cc0980fb8ec44634e21d2718e,22240,rio de janeiro,RJ
81f89e42267213cb94da7ddc301651da,19063,presidente prudente,SP
58f1a6197ed863543e0136bdedb3fce2,36407,conselheiro lafaiete,MG
165fc07beebdcb6190fba8a06db2a449,87015,maringa,PR
70eea00b476a314817cefde4aad4f89a,13250,itatiba,SP
c840d3fdbba0790404fdae73d253b253,81530,curitiba,PR
9cad4b68bb993ee401a3c5aaa2bc26dd,16200,birigui,SP
7040e82f899a04d1b434b795a43b4617,01026,sao paulo,SP
d66c305afaec317ebee552073a674429,33936,ribeirao das neves,MG
66922902710d126a0e7d26b0e3805106,31842,belo horizonte,MG
32f1bb9dfa65bc7df5c0d9d95a616be4,04705,sao paulo,SP
7d456afc660226829370f3173d14520c,08820,mogi das cruzes,SP
1900267e848ceeba8fa32d80c1a5f5a8,14940,ibitinga,SP
08d2d642cf72b622b14dde1d2f5eb2f5,17512,marilia,SP
0e982cff76cc0579f632cea8a0e38c9d,88316,itajai,SC
d5ba419e26d246a0719437cf37d9b46d,03437,sao paulo,SP
15aac934c58d886785ac1b17953ea898,29480,muqui,ES
0b36063d5818f81ccb94b54adfaebbf5,89255,jaragua do sul,SC
87b740daf17b5d1be335a64164ec6842,08615,suzano,SP
31da954dc0855f2495c6310f70a2f931,13601,araras,SP
17e34d8224d27a541263c4c64b11a56b,14085,riberao preto,SP
e2aee0892199b1d92530e371abd825bf,86600,rolandia,PR
870d0118f7a9d85960f29ad89d5d989a,37708,pocos de caldas,MG
ec8879960bd2221d5c32f8e12f7da711,13253,itatiba,SP
586a871d4f1221763fddb6ceefdeb95e,90630,porto alegre,RS
2493dc3f20131696a0ecdb9948051a8d,71065,brasilia,DF
06df0c10d34e459d9672bc77388742eb,87045,maringa,PR
d8b8f2cf9ff6ba0389072541cb42498c,73813,formosa,GO
9d5a9018aee56acb367ba9c3f05d1d6a,74930,aparecida de goiania,GO
f9244d45189d3a3605499abddeade7d5,03029,sao paulo,SP
198c7ea11960a9844b544d9bcdca860c,37590,jacutinga,MG
daeb5653dd96c1b11860f72209795012,31310,belo horizonte,MG
5145090ab595c0d0b8557199f5701fbf,82900,curitiba,PR
ea67327e24487bdfac5fbfa37ea124df,14940,ibitinga,SP
c70c1b0d8ca86052f45a432a38b73958,13186,hortolandia,SP
9e6967d3cf386d284251784b18ccb485,09550,sao caetano do sul,SP
f8201cab383e484733266d1906e2fdfa,88137,palhoca,SC
